AirportCode,AirportName,City,Country,Latitude,Longitude
Aalborg (AAL),,,,,
Aarhus (AAR),,,,,
Abu Dhabi,,,,,
Abu Dhabi (AUH),,,,,
Accra (ACC),,,,,
Addis Ababa (ADD),,,,,
Adelaide,,,,,
Aden,,,,,
Agadir,,,,,
Agadir (AGA),,,,,
Ahmedabad,,,,,
Aleppo,,,,,
Alexandria,,,,,
Alexandria (ALY),,,,,
Alexandria (HBE),,,,,
Algiers,,,,,
Algiers (ALG),,,,,
Almaty (ALA),,,,,
Alofi (IUE),,,,,
Amman,,,,,
Amman (AMM),,,,,
Amritsar,,,,,
Amsterdam,,,,,
Amsterdam (AMS),,,,,
Anchorage (ANC),,,,,
Anjouan (AJN),,,,,
Antananarivo (TNR),,,,,
Antigua (ANU),,,,,
Aqaba,,,,,
Aqaba (AQJ),,,,,
Argentina,,,,,
Arlington,,,,,
Ashgabat (ASB),,,,,
Astana (NQZ),,,,,
Aswan,,,,,
Aswan (ASW),,,,,
Atlanta,,,,,
Atlanta (ATL),,,,,
Auckland,,,,,
Auckland (AKL),,,,,
Bacolod (BCD),,,,,
Baku (GYD),,,,,
Bandar Seri Begawan (BWN),,,,,
Bangkok (BKK),,,,,
Barbados (BGI),,,,,
Barcelona,,,,,
Beijing (PEK),,,,,
Beirut,,,,,
Beirut (BEY),,,,,
Bengaluru,,,,,
